image,target
26_7300-55.jpg,1
BI_7767-79.jpg,2
BA_9287-56.jpg,3
BA_9287-42.jpg,3
CE_5443-69.jpg,4
CA_2969-38.jpg,5
26_7300-41.jpg,1
BI_7767-45.jpg,2
CE_5443-41.jpg,4
26_7300-69.jpg,1
CA_2969-10.jpg,5
CA_9242-53.jpg,6
CA_9242-47.jpg,6
CE_5443-4.jpg,4
45_3654-12.jpg,7
BI_7767-51.jpg,2
CE_5443-55.jpg,4
AN_3202-9.jpg,8
CO_5402-51.jpg,9
CO_5402-45.jpg,9
40_7546-28.jpg,10
CO_5402-79.jpg,9
40_7546-14.jpg,10
CO_2967-32.jpg,11
71_7668-69.jpg,12
21_7915-53.jpg,13
21_7915-47.jpg,13
CO_2967-26.jpg,11
71_7668-55.jpg,12
AS_5297-52.jpg,14
88_7593-36.jpg,15
BU_4412-20.jpg,16
71_7668-3.jpg,12
88_7593-22.jpg,15
BU_4412-34.jpg,16
26_7300-4.jpg,1
12_9123-1.jpg,17
AS_5297-46.jpg,14
71_7668-41.jpg,12
90_1798-29.jpg,18
CA_2012-21.jpg,19
CA_2012-35.jpg,19
90_1798-15.jpg,18
CA_9242-6.jpg,6
89_2185-39.jpg,20
CU_1997-44.jpg,21
CU_1997-50.jpg,21
CU_1997-78.jpg,21
BA_6047-77.jpg,22
CE_9284-80.jpg,23
89_2185-11.jpg,20
BA_6047-63.jpg,22
66_8277-40.jpg,24
AN_3202-46.jpg,8
12_9123-66.jpg,17
AN_3202-52.jpg,8
12_9123-72.jpg,17
66_8277-54.jpg,24
CE_9284-57.jpg,23
CE_9284-43.jpg,23
66_8277-68.jpg,24
25_7383-65.jpg,25
37_7584-13.jpg,26
AN_5551-78.jpg,27
CL_3054-80.jpg,28
25_7383-71.jpg,25
25_7383-59.jpg,25
AN_5551-44.jpg,27
BA_3348-46.jpg,29
BA_3348-52.jpg,29
AN_5551-50.jpg,27
CL_3054-57.jpg,28
AL_3674-64.jpg,30
CL_5517-17.jpg,31
39_6994-20.jpg,32
39_6994-34.jpg,32
CL_3054-43.jpg,28
AL_3674-70.jpg,30
AL_3674-58.jpg,30
AL_3674-59.jpg,30
39_6994-35.jpg,32
AL_3674-71.jpg,30
CL_3054-42.jpg,28
AL_3674-65.jpg,30
CL_3054-56.jpg,28
39_6994-21.jpg,32
CL_5517-16.jpg,31
AN_5551-51.jpg,27
BA_3348-53.jpg,29
25_7383-58.jpg,25
BA_3348-47.jpg,29
AN_5551-45.jpg,27
25_7383-70.jpg,25
37_7584-12.jpg,26
25_7383-64.jpg,25
AN_5551-79.jpg,27
CE_9284-42.jpg,23
66_8277-69.jpg,24
CE_9284-56.jpg,23
12_9123-73.jpg,17
AN_3202-53.jpg,8
66_8277-55.jpg,24
66_8277-41.jpg,24
12_9123-67.jpg,17
AN_3202-47.jpg,8
BA_6047-62.jpg,22
89_2185-10.jpg,20
BA_6047-76.jpg,22
CU_1997-79.jpg,21
CU_1997-51.jpg,21
CU_1997-45.jpg,21
89_2185-38.jpg,20
90_1798-14.jpg,18
CA_9242-7.jpg,6
CA_2012-34.jpg,19
90_1798-28.jpg,18
CA_2012-20.jpg,19
AS_5297-47.jpg,14
12_9123-0.jpg,17
26_7300-5.jpg,1
BU_4412-35.jpg,16
88_7593-23.jpg,15
71_7668-40.jpg,12
71_7668-54.jpg,12
71_7668-2.jpg,12
BU_4412-21.jpg,16
88_7593-37.jpg,15
AS_5297-53.jpg,14
21_7915-46.jpg,13
CO_2967-27.jpg,11
71_7668-68.jpg,12
CO_2967-33.jpg,11
21_7915-52.jpg,13
CO_5402-78.jpg,9
40_7546-15.jpg,10
BA_9287-80.jpg,3
CO_5402-44.jpg,9
40_7546-29.jpg,10
AN_3202-8.jpg,8
CO_5402-50.jpg,9
45_3654-13.jpg,7
CE_5443-5.jpg,4
CA_9242-46.jpg,6
CE_5443-54.jpg,4
BI_7767-50.jpg,2
CA_2969-11.jpg,5
26_7300-68.jpg,1
CE_5443-40.jpg,4
BI_7767-44.jpg,2
CA_9242-52.jpg,6
BA_9287-43.jpg,3
26_7300-40.jpg,1
CA_2969-39.jpg,5
CE_5443-68.jpg,4
BI_7767-78.jpg,2
26_7300-54.jpg,1
BA_9287-57.jpg,3
26_7300-42.jpg,1
BA_9287-41.jpg,3
CA_9242-78.jpg,6
BA_9287-55.jpg,3
45_3654-39.jpg,7
26_7300-56.jpg,1
BI_7767-52.jpg,2
CE_5443-56.jpg,4
CA_9242-44.jpg,6
45_3654-11.jpg,7
CE_5443-7.jpg,4
BA_9287-69.jpg,3
CA_9242-50.jpg,6
BI_7767-46.jpg,2
CE_5443-42.jpg,4
CA_2969-13.jpg,5
CO_5402-46.jpg,9
CO_5402-52.jpg,9
40_7546-17.jpg,10
AS_5297-8.jpg,14
CO_2967-25.jpg,11
21_7915-44.jpg,13
BU_4412-9.jpg,16
AS_5297-79.jpg,14
21_7915-50.jpg,13
CO_2967-31.jpg,11
CO_2967-19.jpg,11
71_7668-42.jpg,12
BU_4412-37.jpg,16
88_7593-21.jpg,15
26_7300-7.jpg,1
12_9123-2.jpg,17
21_7915-78.jpg,13
AS_5297-45.jpg,14
AS_5297-51.jpg,14
BU_4412-23.jpg,16
88_7593-35.jpg,15
71_7668-0.jpg,12
BI_7767-8.jpg,2
71_7668-56.jpg,12
CA_2012-36.jpg,19
CA_2012-22.jpg,19
37_7584-8.jpg,26
CA_9242-5.jpg,6
90_1798-16.jpg,18
CU_1997-53.jpg,21
66_8277-80.jpg,24
CU_1997-47.jpg,21
BA_6047-48.jpg,22
89_2185-12.jpg,20
BA_6047-60.jpg,22
BA_6047-74.jpg,22
66_8277-57.jpg,24
AN_3202-51.jpg,8
12_9123-71.jpg,17
AN_3202-45.jpg,8
12_9123-65.jpg,17
CE_9284-68.jpg,23
66_8277-43.jpg,24
CE_9284-40.jpg,23
CE_9284-54.jpg,23
AN_3202-79.jpg,8
12_9123-59.jpg,17
25_7383-72.jpg,25
BA_3348-79.jpg,29
25_7383-66.jpg,25
37_7584-10.jpg,26
37_7584-38.jpg,26
BA_3348-51.jpg,29
AN_5551-53.jpg,27
AN_5551-47.jpg,27
BA_3348-45.jpg,29
AL_3674-73.jpg,30
CL_3054-40.jpg,28
39_6994-37.jpg,32
CL_5517-14.jpg,31
39_6994-23.jpg,32
AL_3674-67.jpg,30
CL_3054-54.jpg,28
CL_5517-28.jpg,31
CL_3054-68.jpg,28
CL_5517-29.jpg,31
CL_3054-69.jpg,28
39_6994-22.jpg,32
CL_5517-15.jpg,31
CL_3054-55.jpg,28
AL_3674-66.jpg,30
CL_3054-41.jpg,28
AL_3674-72.jpg,30
39_6994-36.jpg,32
BA_3348-44.jpg,29
AN_5551-46.jpg,27
37_7584-39.jpg,26
AN_5551-52.jpg,27
BA_3348-50.jpg,29
BA_3348-78.jpg,29
37_7584-11.jpg,26
25_7383-67.jpg,25
25_7383-73.jpg,25
12_9123-58.jpg,17
AN_3202-78.jpg,8
CE_9284-55.jpg,23
CE_9284-41.jpg,23
CE_9284-69.jpg,23
12_9123-64.jpg,17
AN_3202-44.jpg,8
66_8277-42.jpg,24
66_8277-56.jpg,24
12_9123-70.jpg,17
AN_3202-50.jpg,8
BA_6047-75.jpg,22
BA_6047-61.jpg,22
89_2185-13.jpg,20
BA_6047-49.jpg,22
CU_1997-46.jpg,21
CU_1997-52.jpg,21
CA_9242-4.jpg,6
90_1798-17.jpg,18
37_7584-9.jpg,26
71_7668-80.jpg,12
CA_2012-23.jpg,19
CA_2012-37.jpg,19
71_7668-1.jpg,12
88_7593-34.jpg,15
BU_4412-22.jpg,16
AS_5297-50.jpg,14
71_7668-57.jpg,12
BI_7767-9.jpg,2
71_7668-43.jpg,12
CO_2967-18.jpg,11
AS_5297-44.jpg,14
21_7915-79.jpg,13
12_9123-3.jpg,17
26_7300-6.jpg,1
88_7593-20.jpg,15
BU_4412-36.jpg,16
21_7915-51.jpg,13
CO_2967-30.jpg,11
CO_2967-24.jpg,11
AS_5297-78.jpg,14
21_7915-45.jpg,13
BU_4412-8.jpg,16
CE_5443-80.jpg,4
40_7546-16.jpg,10
AS_5297-9.jpg,14
CO_5402-53.jpg,9
26_7300-80.jpg,1
CO_5402-47.jpg,9
CA_9242-51.jpg,6
BA_9287-68.jpg,3
CA_2969-12.jpg,5
CE_5443-43.jpg,4
BI_7767-47.jpg,2
CE_5443-57.jpg,4
BI_7767-53.jpg,2
CE_5443-6.jpg,4
45_3654-10.jpg,7
CA_9242-45.jpg,6
45_3654-38.jpg,7
BA_9287-54.jpg,3
26_7300-57.jpg,1
26_7300-43.jpg,1
CA_9242-79.jpg,6
BA_9287-40.jpg,3
CA_9242-41.jpg,6
45_3654-14.jpg,7
CE_5443-2.jpg,4
BA_9287-78.jpg,3
CE_5443-53.jpg,4
BI_7767-57.jpg,2
CE_5443-47.jpg,4
BI_7767-43.jpg,2
CA_2969-16.jpg,5
CA_9242-55.jpg,6
BA_9287-44.jpg,3
45_3654-28.jpg,7
CO_5402-80.jpg,9
26_7300-47.jpg,1
26_7300-53.jpg,1
CA_9242-69.jpg,6
BA_9287-50.jpg,3
40_7546-12.jpg,10
BI_7767-80.jpg,2
CO_5402-43.jpg,9
CO_5402-57.jpg,9
BU_4412-32.jpg,16
88_7593-24.jpg,15
26_7300-2.jpg,1
12_9123-7.jpg,17
AS_5297-40.jpg,14
71_7668-47.jpg,12
71_7668-53.jpg,12
21_7915-69.jpg,13
AS_5297-54.jpg,14
BU_4412-26.jpg,16
88_7593-30.jpg,15
71_7668-5.jpg,12
21_7915-41.jpg,13
88_7593-18.jpg,15
CO_2967-20.jpg,11
CO_2967-34.jpg,11
21_7915-55.jpg,13
AS_5297-68.jpg,14
90_1798-13.jpg,18
CA_9242-0.jpg,6
CA_2012-33.jpg,19
CA_2012-27.jpg,19
89_2185-17.jpg,20
BA_6047-65.jpg,22
BA_6047-71.jpg,22
CO_2967-9.jpg,11
BA_6047-59.jpg,22
CU_1997-56.jpg,21
CU_1997-42.jpg,21
AN_3202-68.jpg,8
12_9123-48.jpg,17
CE_9284-45.jpg,23
CE_9284-51.jpg,23
CE_9284-79.jpg,23
AN_3202-54.jpg,8
12_9123-74.jpg,17
66_8277-52.jpg,24
66_8277-46.jpg,24
AN_3202-40.jpg,8
12_9123-60.jpg,17
BA_3348-54.jpg,29
AN_5551-56.jpg,27
37_7584-29.jpg,26
AN_5551-42.jpg,27
BA_3348-40.jpg,29
BA_3348-68.jpg,29
25_7383-77.jpg,25
25_7383-63.jpg,25
37_7584-15.jpg,26
CL_5517-39.jpg,31
CL_3054-79.jpg,28
39_6994-32.jpg,32
AL_3674-76.jpg,30
CL_3054-45.jpg,28
AL_3674-62.jpg,30
CL_3054-51.jpg,28
39_6994-26.jpg,32
CL_5517-11.jpg,31
CL_3054-50.jpg,28
AL_3674-63.jpg,30
CL_5517-10.jpg,31
39_6994-27.jpg,32
39_6994-33.jpg,32
CL_3054-44.jpg,28
AL_3674-77.jpg,30
AN_5551-80.jpg,27
CL_5517-38.jpg,31
CL_3054-78.jpg,28
37_7584-14.jpg,26
25_7383-62.jpg,25
BA_3348-69.jpg,29
25_7383-76.jpg,25
37_7584-28.jpg,26
BA_3348-41.jpg,29
AN_5551-43.jpg,27
AN_5551-57.jpg,27
BA_3348-55.jpg,29
66_8277-47.jpg,24
CU_1997-80.jpg,21
12_9123-61.jpg,17
AN_3202-41.jpg,8
12_9123-75.jpg,17
AN_3202-55.jpg,8
CE_9284-78.jpg,23
66_8277-53.jpg,24
CE_9284-50.jpg,23
CE_9284-44.jpg,23
12_9123-49.jpg,17
AN_3202-69.jpg,8
CU_1997-43.jpg,21
CU_1997-57.jpg,21
BA_6047-58.jpg,22
BA_6047-70.jpg,22
CO_2967-8.jpg,11
BA_6047-64.jpg,22
89_2185-16.jpg,20
CA_2012-26.jpg,19
CA_2012-32.jpg,19
90_1798-12.jpg,18
CA_9242-1.jpg,6
CO_2967-35.jpg,11
AS_5297-69.jpg,14
21_7915-54.jpg,13
88_7593-19.jpg,15
21_7915-40.jpg,13
CO_2967-21.jpg,11
71_7668-52.jpg,12
71_7668-4.jpg,12
88_7593-31.jpg,15
BU_4412-27.jpg,16
AS_5297-55.jpg,14
21_7915-68.jpg,13
AS_5297-41.jpg,14
12_9123-6.jpg,17
26_7300-3.jpg,1
88_7593-25.jpg,15
BU_4412-33.jpg,16
71_7668-46.jpg,12
CO_5402-56.jpg,9
CO_5402-42.jpg,9
40_7546-13.jpg,10
26_7300-52.jpg,1
BA_9287-51.jpg,3
CA_9242-68.jpg,6
45_3654-29.jpg,7
BA_9287-45.jpg,3
26_7300-46.jpg,1
CA_2969-17.jpg,5
BI_7767-42.jpg,2
CE_5443-46.jpg,4
CA_9242-54.jpg,6
BA_9287-79.jpg,3
CE_5443-3.jpg,4
45_3654-15.jpg,7
CA_9242-40.jpg,6
BI_7767-56.jpg,2
CE_5443-52.jpg,4
CA_9242-56.jpg,6
CE_5443-44.jpg,4
BI_7767-40.jpg,2
CA_2969-15.jpg,5
26_7300-78.jpg,1
CE_5443-50.jpg,4
BI_7767-54.jpg,2
CA_2969-8.jpg,5
CA_9242-42.jpg,6
CE_5443-1.jpg,4
45_3654-17.jpg,7
BA_9287-53.jpg,3
CA_2969-29.jpg,5
26_7300-50.jpg,1
CE_5443-78.jpg,4
BI_7767-68.jpg,2
26_7300-44.jpg,1
BA_9287-47.jpg,3
CO_5402-68.jpg,9
40_7546-11.jpg,10
CO_5402-54.jpg,9
40_7546-39.jpg,10
25_7383-9.jpg,25
CO_5402-40.jpg,9
AS_5297-57.jpg,14
88_7593-33.jpg,15
BU_4412-25.jpg,16
71_7668-6.jpg,12
71_7668-50.jpg,12
71_7668-44.jpg,12
88_7593-27.jpg,15
BU_4412-31.jpg,16
26_7300-1.jpg,1
12_9123-4.jpg,17
AS_5297-43.jpg,14
BU_4412-19.jpg,16
21_7915-56.jpg,13
CO_2967-37.jpg,11
71_7668-78.jpg,12
CO_2967-23.jpg,11
21_7915-42.jpg,13
CA_9242-3.jpg,6
CA_2012-18.jpg,19
90_1798-10.jpg,18
AS_5297-80.jpg,14
CA_2012-24.jpg,19
BA_9287-9.jpg,3
90_1798-38.jpg,18
CA_2012-30.jpg,19
BA_6047-72.jpg,22
89_2185-14.jpg,20
BA_6047-66.jpg,22
CU_1997-69.jpg,21
AN_3202-80.jpg,8
CU_1997-41.jpg,21
CU_1997-55.jpg,21
89_2185-28.jpg,20
CE_9284-52.jpg,23
21_7915-9.jpg,13
66_8277-79.jpg,24
CL_3054-8.jpg,28
CE_9284-46.jpg,23
AN_3202-43.jpg,8
12_9123-63.jpg,17
66_8277-45.jpg,24
66_8277-51.jpg,24
AN_3202-57.jpg,8
12_9123-77.jpg,17
AN_5551-41.jpg,27
BA_3348-43.jpg,29
25_7383-48.jpg,25
BA_3348-57.jpg,29
AN_5551-55.jpg,27
25_7383-60.jpg,25
37_7584-16.jpg,26
25_7383-74.jpg,25
AN_5551-69.jpg,27
BA_3348-80.jpg,29
39_6994-19.jpg,32
66_8277-9.jpg,24
AL_3674-49.jpg,30
39_6994-25.jpg,32
CL_5517-12.jpg,31
CL_3054-52.jpg,28
AL_3674-61.jpg,30
CL_3054-46.jpg,28
AL_3674-75.jpg,30
39_6994-31.jpg,32
AL_3674-74.jpg,30
CL_3054-47.jpg,28
39_6994-30.jpg,32
CL_5517-13.jpg,31
39_6994-24.jpg,32
AL_3674-60.jpg,30
CL_3054-53.jpg,28
AL_3674-48.jpg,30
66_8277-8.jpg,24
39_6994-18.jpg,32
25_7383-75.jpg,25
AN_5551-68.jpg,27
37_7584-17.jpg,26
25_7383-61.jpg,25
25_7383-49.jpg,25
AN_5551-54.jpg,27
BA_3348-56.jpg,29
BA_3348-42.jpg,29
AN_5551-40.jpg,27
66_8277-50.jpg,24
12_9123-76.jpg,17
AN_3202-56.jpg,8
12_9123-62.jpg,17
AN_3202-42.jpg,8
66_8277-44.jpg,24
CL_3054-9.jpg,28
CE_9284-47.jpg,23
21_7915-8.jpg,13
CE_9284-53.jpg,23
66_8277-78.jpg,24
89_2185-29.jpg,20
CU_1997-54.jpg,21
CU_1997-40.jpg,21
CU_1997-68.jpg,21
BA_6047-67.jpg,22
89_2185-15.jpg,20
BA_6047-73.jpg,22
90_1798-39.jpg,18
21_7915-80.jpg,13
CA_2012-31.jpg,19
CA_2012-25.jpg,19
BA_9287-8.jpg,3
CA_2012-19.jpg,19
CA_9242-2.jpg,6
90_1798-11.jpg,18
CO_2967-22.jpg,11
71_7668-79.jpg,12
21_7915-43.jpg,13
21_7915-57.jpg,13
BU_4412-18.jpg,16
CO_2967-36.jpg,11
71_7668-45.jpg,12
AS_5297-42.jpg,14
12_9123-5.jpg,17
26_7300-0.jpg,1
BU_4412-30.jpg,16
88_7593-26.jpg,15
71_7668-7.jpg,12
BU_4412-24.jpg,16
88_7593-32.jpg,15
AS_5297-56.jpg,14
71_7668-51.jpg,12
CO_5402-41.jpg,9
CO_5402-55.jpg,9
25_7383-8.jpg,25
40_7546-38.jpg,10
40_7546-10.jpg,10
CA_9242-80.jpg,6
CO_5402-69.jpg,9
26_7300-45.jpg,1
BI_7767-69.jpg,2
BA_9287-46.jpg,3
BA_9287-52.jpg,3
CE_5443-79.jpg,4
26_7300-51.jpg,1
CA_2969-28.jpg,5
BI_7767-55.jpg,2
CE_5443-51.jpg,4
26_7300-79.jpg,1
45_3654-16.jpg,7
CE_5443-0.jpg,4
CA_9242-43.jpg,6
CA_2969-9.jpg,5
CA_9242-57.jpg,6
CA_2969-14.jpg,5
BI_7767-41.jpg,2
CE_5443-45.jpg,4
BA_9287-35.jpg,3
45_3654-59.jpg,7
26_7300-36.jpg,1
39_6994-3.jpg,32
26_7300-22.jpg,1
CA_9242-18.jpg,6
BA_9287-21.jpg,3
CA_9242-30.jpg,6
45_3654-65.jpg,7
CA_2969-73.jpg,5
BI_7767-26.jpg,2
CE_5443-22.jpg,4
BI_7767-32.jpg,2
CE_5443-36.jpg,4
CO_5402-7.jpg,9
CA_2969-67.jpg,5
45_3654-71.jpg,7
CA_9242-24.jpg,6
CO_5402-32.jpg,9
CO_5402-26.jpg,9
40_7546-63.jpg,10
40_7546-77.jpg,10
21_7915-30.jpg,13
88_7593-69.jpg,15
CO_2967-51.jpg,11
AN_5551-9.jpg,27
CO_2967-45.jpg,11
21_7915-24.jpg,13
AS_5297-19.jpg,14
BU_4412-43.jpg,16
88_7593-55.jpg,15
AS_5297-31.jpg,14
71_7668-36.jpg,12
71_7668-22.jpg,12
CO_2967-79.jpg,11
21_7915-18.jpg,13
AS_5297-25.jpg,14
BU_4412-57.jpg,16
88_7593-41.jpg,15
CA_2012-42.jpg,19
CA_2012-56.jpg,19
BU_4412-80.jpg,16
90_1798-76.jpg,18
CU_1997-6.jpg,21
90_1798-62.jpg,18
45_3654-4.jpg,7
CU_1997-27.jpg,21
BA_6047-28.jpg,22
40_7546-1.jpg,10
BA_6047-3.jpg,22
CU_1997-33.jpg,21
89_2185-66.jpg,20
BA_6047-14.jpg,22
89_2185-72.jpg,20
AN_3202-25.jpg,8
66_8277-23.jpg,24
66_8277-37.jpg,24
AN_3202-31.jpg,8
12_9123-11.jpg,17
AN_3202-19.jpg,8
12_9123-39.jpg,17
CE_9284-34.jpg,23
CE_9284-20.jpg,23
39_6994-80.jpg,32
BA_3348-19.jpg,29
37_7584-70.jpg,26
25_7383-12.jpg,25
37_7584-64.jpg,26
BA_3348-25.jpg,29
AN_5551-27.jpg,27
37_7584-58.jpg,26
AN_5551-33.jpg,27
BA_3348-31.jpg,29
CL_5517-74.jpg,31
39_6994-43.jpg,32
CL_3054-34.jpg,28
AL_3674-13.jpg,30
CL_3054-20.jpg,28
CL_5517-60.jpg,31
39_6994-57.jpg,32
CL_5517-48.jpg,31
BA_3348-6.jpg,29
CL_5517-0.jpg,31
CL_5517-1.jpg,31
BA_3348-7.jpg,29
CL_5517-49.jpg,31
CL_3054-21.jpg,28
AL_3674-12.jpg,30
39_6994-56.jpg,32
CL_5517-61.jpg,31
39_6994-42.jpg,32
CL_5517-75.jpg,31
CL_3054-35.jpg,28
37_7584-59.jpg,26
BA_3348-30.jpg,29
AN_5551-32.jpg,27
AN_5551-26.jpg,27
BA_3348-24.jpg,29
37_7584-65.jpg,26
25_7383-13.jpg,25
BA_3348-18.jpg,29
37_7584-71.jpg,26
CE_9284-21.jpg,23
CE_9284-35.jpg,23
12_9123-38.jpg,17
AN_3202-18.jpg,8
66_8277-36.jpg,24
12_9123-10.jpg,17
AN_3202-30.jpg,8
AN_3202-24.jpg,8
66_8277-22.jpg,24
89_2185-73.jpg,20
BA_6047-15.jpg,22
89_2185-67.jpg,20
CU_1997-32.jpg,21
BA_6047-2.jpg,22
40_7546-0.jpg,10
BA_6047-29.jpg,22
CU_1997-26.jpg,21
90_1798-63.jpg,18
45_3654-5.jpg,7
CU_1997-7.jpg,21
90_1798-77.jpg,18
CA_2012-57.jpg,19
CA_2012-43.jpg,19
CO_2967-78.jpg,11
71_7668-23.jpg,12
88_7593-40.jpg,15
BU_4412-56.jpg,16
AS_5297-24.jpg,14
21_7915-19.jpg,13
AS_5297-30.jpg,14
88_7593-54.jpg,15
BU_4412-42.jpg,16
71_7668-37.jpg,12
CO_2967-44.jpg,11
AS_5297-18.jpg,14
21_7915-25.jpg,13
88_7593-68.jpg,15
CA_2012-80.jpg,19
21_7915-31.jpg,13
AN_5551-8.jpg,27
CO_2967-50.jpg,11
40_7546-76.jpg,10
40_7546-62.jpg,10
CO_5402-27.jpg,9
CO_5402-33.jpg,9
CA_2969-66.jpg,5
CO_5402-6.jpg,9
CE_5443-37.jpg,4
BI_7767-33.jpg,2
CA_9242-25.jpg,6
45_3654-70.jpg,7
45_3654-64.jpg,7
CA_9242-31.jpg,6
CE_5443-23.jpg,4
BI_7767-27.jpg,2
CA_2969-72.jpg,5
26_7300-23.jpg,1
39_6994-2.jpg,32
BA_9287-20.jpg,3
CA_9242-19.jpg,6
45_3654-58.jpg,7
BA_9287-34.jpg,3
26_7300-37.jpg,1
BA_9287-22.jpg,3
39_6994-0.jpg,32
CA_2969-58.jpg,5
26_7300-21.jpg,1
BI_7767-19.jpg,2
26_7300-35.jpg,1
BA_9287-36.jpg,3
45_3654-72.jpg,7
CA_9242-27.jpg,6
BI_7767-31.jpg,2
CE_5443-35.jpg,4
CO_5402-4.jpg,9
CA_2969-64.jpg,5
CA_2969-70.jpg,5
BI_7767-25.jpg,2
CE_5443-21.jpg,4
CA_9242-33.jpg,6
45_3654-66.jpg,7
CO_5402-25.jpg,9
40_7546-48.jpg,10
CO_5402-31.jpg,9
CO_5402-19.jpg,9
40_7546-74.jpg,10
40_7546-60.jpg,10
BU_4412-68.jpg,16
21_7915-27.jpg,13
CE_9284-9.jpg,23
CO_2967-46.jpg,11
CO_2967-52.jpg,11
21_7915-33.jpg,13
AS_5297-26.jpg,14
88_7593-42.jpg,15
BU_4412-54.jpg,16
71_7668-21.jpg,12
71_7668-35.jpg,12
88_7593-56.jpg,15
BU_4412-40.jpg,16
AS_5297-32.jpg,14
CA_2012-55.jpg,19
90_1798-49.jpg,18
CA_2012-41.jpg,19
45_3654-7.jpg,7
CA_2012-69.jpg,19
90_1798-61.jpg,18
90_1798-75.jpg,18
CU_1997-5.jpg,21
BA_6047-0.jpg,22
CU_1997-30.jpg,21
CU_1997-24.jpg,21
89_2185-59.jpg,20
40_7546-2.jpg,10
89_2185-71.jpg,20
89_2185-65.jpg,20
CU_1997-18.jpg,21
BA_6047-17.jpg,22
AN_3202-32.jpg,8
12_9123-12.jpg,17
66_8277-34.jpg,24
66_8277-20.jpg,24
AN_3202-26.jpg,8
CE_9284-23.jpg,23
CE_9284-37.jpg,23
25_7383-11.jpg,25
37_7584-67.jpg,26
37_7584-73.jpg,26
AN_5551-18.jpg,27
AN_5551-30.jpg,27
BA_3348-32.jpg,29
25_7383-39.jpg,25
BA_3348-26.jpg,29
AN_5551-24.jpg,27
CL_5517-63.jpg,31
39_6994-54.jpg,32
CL_3054-23.jpg,28
AL_3674-10.jpg,30
CL_3054-37.jpg,28
CL_5517-77.jpg,31
39_6994-40.jpg,32
39_6994-68.jpg,32
BA_3348-5.jpg,29
CL_5517-3.jpg,31
AL_3674-38.jpg,30
AL_3674-39.jpg,30
39_6994-69.jpg,32
CL_5517-2.jpg,31
BA_3348-4.jpg,29
CL_3054-36.jpg,28
39_6994-41.jpg,32
CL_5517-76.jpg,31
39_6994-55.jpg,32
CL_5517-62.jpg,31
AL_3674-11.jpg,30
CL_3054-22.jpg,28
25_7383-38.jpg,25
AN_5551-25.jpg,27
BA_3348-27.jpg,29
BA_3348-33.jpg,29
AN_5551-31.jpg,27
37_7584-72.jpg,26
AN_5551-19.jpg,27
37_7584-66.jpg,26
25_7383-10.jpg,25
CE_9284-36.jpg,23
CE_9284-22.jpg,23
66_8277-21.jpg,24
AN_3202-27.jpg,8
12_9123-13.jpg,17
AN_3202-33.jpg,8
66_8277-35.jpg,24
BA_6047-16.jpg,22
CU_1997-19.jpg,21
89_2185-64.jpg,20
89_2185-70.jpg,20
40_7546-3.jpg,10
89_2185-58.jpg,20
CU_1997-25.jpg,21
CU_1997-31.jpg,21
BA_6047-1.jpg,22
CU_1997-4.jpg,21
90_1798-74.jpg,18
45_3654-6.jpg,7
CA_2012-68.jpg,19
88_7593-80.jpg,15
90_1798-60.jpg,18
90_1798-48.jpg,18
CA_2012-40.jpg,19
CA_2012-54.jpg,19
71_7668-34.jpg,12
AS_5297-33.jpg,14
BU_4412-41.jpg,16
88_7593-57.jpg,15
BU_4412-55.jpg,16
88_7593-43.jpg,15
AS_5297-27.jpg,14
71_7668-20.jpg,12
CO_2967-53.jpg,11
21_7915-32.jpg,13
CE_9284-8.jpg,23
21_7915-26.jpg,13
BU_4412-69.jpg,16
CO_2967-47.jpg,11
40_7546-61.jpg,10
CO_5402-18.jpg,9
40_7546-75.jpg,10
CO_5402-30.jpg,9
CO_5402-24.jpg,9
40_7546-49.jpg,10
CE_5443-20.jpg,4
BI_7767-24.jpg,2
CA_2969-71.jpg,5
45_3654-67.jpg,7
CA_9242-32.jpg,6
CA_9242-26.jpg,6
45_3654-73.jpg,7
CA_2969-65.jpg,5
CO_5402-5.jpg,9
CE_5443-34.jpg,4
BI_7767-30.jpg,2
26_7300-34.jpg,1
BI_7767-18.jpg,2
BA_9287-37.jpg,3
BA_9287-23.jpg,3
26_7300-20.jpg,1
CA_2969-59.jpg,5
39_6994-1.jpg,32
CE_5443-30.jpg,4
BI_7767-34.jpg,2
26_7300-18.jpg,1
CA_2969-61.jpg,5
CO_5402-1.jpg,9
45_3654-77.jpg,7
CA_9242-22.jpg,6
CA_9242-36.jpg,6
45_3654-63.jpg,7
CA_2969-75.jpg,5
CE_5443-24.jpg,4
BI_7767-20.jpg,2
90_1798-8.jpg,18
26_7300-24.jpg,1
39_6994-5.jpg,32
BA_9287-27.jpg,3
BA_9287-33.jpg,3
CE_5443-18.jpg,4
CA_2969-49.jpg,5
26_7300-30.jpg,1
40_7546-71.jpg,10
40_7546-65.jpg,10
CO_5402-20.jpg,9
CO_5402-34.jpg,9
40_7546-59.jpg,10
71_7668-24.jpg,12
AS_5297-23.jpg,14
88_7593-47.jpg,15
BU_4412-51.jpg,16
88_7593-53.jpg,15
BU_4412-45.jpg,16
AS_5297-37.jpg,14
71_7668-30.jpg,12
CO_2967-43.jpg,11
71_7668-18.jpg,12
21_7915-22.jpg,13
21_7915-36.jpg,13
BU_4412-79.jpg,16
CO_2967-57.jpg,11
90_1798-64.jpg,18
45_3654-2.jpg,7
CA_2012-78.jpg,19
90_1798-70.jpg,18
CU_1997-0.jpg,21
90_1798-58.jpg,18
CO_2967-80.jpg,11
CA_2012-50.jpg,19
CA_2012-44.jpg,19
AL_3674-9.jpg,30
89_2185-74.jpg,20
89_2185-60.jpg,20
BA_6047-12.jpg,22
89_2185-48.jpg,20
BA_6047-5.jpg,22
CU_1997-35.jpg,21
CU_1997-21.jpg,21
40_7546-7.jpg,10
CE_9284-26.jpg,23
CE_9284-32.jpg,23
66_8277-19.jpg,24
66_8277-31.jpg,24
AN_3202-37.jpg,8
12_9123-17.jpg,17
AN_3202-23.jpg,8
66_8277-25.jpg,24
25_7383-28.jpg,25
AN_5551-35.jpg,27
BA_3348-37.jpg,29
BA_3348-23.jpg,29
AN_5551-21.jpg,27
25_7383-14.jpg,25
37_7584-62.jpg,26
37_7584-76.jpg,26
AL_3674-29.jpg,30
BA_3348-0.jpg,29
CL_5517-6.jpg,31
39_6994-79.jpg,32
CA_2012-9.jpg,19
CL_3054-26.jpg,28
AL_3674-15.jpg,30
39_6994-51.jpg,32
CL_5517-66.jpg,31
39_6994-45.jpg,32
CL_5517-72.jpg,31
CL_3054-32.jpg,28
CL_5517-73.jpg,31
39_6994-44.jpg,32
CL_3054-33.jpg,28
AL_3674-14.jpg,30
CL_3054-27.jpg,28
CL_5517-67.jpg,31
39_6994-50.jpg,32
CA_2012-8.jpg,19
39_6994-78.jpg,32
CL_5517-7.jpg,31
BA_3348-1.jpg,29
AL_3674-28.jpg,30
37_7584-77.jpg,26
37_7584-63.jpg,26
25_7383-15.jpg,25
AN_5551-20.jpg,27
BA_3348-22.jpg,29
25_7383-29.jpg,25
BA_3348-36.jpg,29
AN_5551-34.jpg,27
AN_3202-22.jpg,8
66_8277-24.jpg,24
66_8277-30.jpg,24
12_9123-16.jpg,17
AN_3202-36.jpg,8
CE_9284-33.jpg,23
66_8277-18.jpg,24
CE_9284-27.jpg,23
40_7546-6.jpg,10
CU_1997-20.jpg,21
CU_1997-34.jpg,21
BA_6047-4.jpg,22
89_2185-49.jpg,20
BA_6047-13.jpg,22
89_2185-61.jpg,20
89_2185-75.jpg,20
AL_3674-8.jpg,30
CA_2012-45.jpg,19
90_1798-59.jpg,18
CA_2012-51.jpg,19
CA_2012-79.jpg,19
CU_1997-1.jpg,21
90_1798-71.jpg,18
90_1798-65.jpg,18
45_3654-3.jpg,7
BU_4412-78.jpg,16
21_7915-37.jpg,13
CO_2967-56.jpg,11
71_7668-19.jpg,12
CO_2967-42.jpg,11
21_7915-23.jpg,13
AS_5297-36.jpg,14
BU_4412-44.jpg,16
88_7593-52.jpg,15
71_7668-31.jpg,12
71_7668-25.jpg,12
BU_4412-50.jpg,16
88_7593-46.jpg,15
AS_5297-22.jpg,14
CO_5402-35.jpg,9
40_7546-58.jpg,10
CO_5402-21.jpg,9
40_7546-64.jpg,10
40_7546-70.jpg,10
BA_9287-32.jpg,3
26_7300-31.jpg,1
CA_2969-48.jpg,5
CE_5443-19.jpg,4
39_6994-4.jpg,32
90_1798-9.jpg,18
26_7300-25.jpg,1
BA_9287-26.jpg,3
45_3654-62.jpg,7
CA_9242-37.jpg,6
BI_7767-21.jpg,2
CE_5443-25.jpg,4
CA_2969-74.jpg,5
CO_5402-0.jpg,9
CA_2969-60.jpg,5
26_7300-19.jpg,1
BI_7767-35.jpg,2
CE_5443-31.jpg,4
CA_9242-23.jpg,6
45_3654-76.jpg,7
CA_2969-76.jpg,5
CE_5443-27.jpg,4
BI_7767-23.jpg,2
CA_9242-35.jpg,6
45_3654-60.jpg,7
45_3654-74.jpg,7
BA_9287-18.jpg,3
CA_9242-21.jpg,6
CE_5443-33.jpg,4
BI_7767-37.jpg,2
CA_2969-62.jpg,5
CO_5402-2.jpg,9
26_7300-33.jpg,1
BA_9287-30.jpg,3
BA_9287-24.jpg,3
45_3654-48.jpg,7
26_7300-27.jpg,1
39_6994-6.jpg,32
40_7546-66.jpg,10
40_7546-72.jpg,10
CO_5402-37.jpg,9
CO_5402-23.jpg,9
CO_2967-68.jpg,11
71_7668-33.jpg,12
BU_4412-46.jpg,16
88_7593-50.jpg,15
AS_5297-34.jpg,14
AS_5297-20.jpg,14
BU_4412-52.jpg,16
88_7593-44.jpg,15
71_7668-27.jpg,12
89_2185-8.jpg,20
CO_2967-54.jpg,11
21_7915-35.jpg,13
88_7593-78.jpg,15
21_7915-21.jpg,13
CO_2967-40.jpg,11
90_1798-73.jpg,18
88_7593-8.jpg,15
CU_1997-3.jpg,21
45_3654-1.jpg,7
90_1798-67.jpg,18
CA_2012-47.jpg,19
CA_2012-53.jpg,19
89_2185-63.jpg,20
BA_6047-11.jpg,22
89_2185-77.jpg,20
CU_1997-22.jpg,21
40_7546-4.jpg,10
BA_6047-39.jpg,22
BA_6047-6.jpg,22
CU_1997-36.jpg,21
CE_9284-31.jpg,23
CE_9284-25.jpg,23
12_9123-28.jpg,17
66_8277-26.jpg,24
AN_3202-20.jpg,8
AN_3202-34.jpg,8
12_9123-14.jpg,17
CE_9284-19.jpg,23
66_8277-32.jpg,24
37_7584-49.jpg,26
BA_3348-20.jpg,29
AN_5551-22.jpg,27
AN_5551-36.jpg,27
BA_3348-34.jpg,29
37_7584-75.jpg,26
25_7383-17.jpg,25
37_7584-61.jpg,26
CL_5517-59.jpg,31
CL_3054-19.jpg,28
BA_3348-3.jpg,29
CL_5517-5.jpg,31
CL_3054-31.jpg,28
39_6994-46.jpg,32
CL_5517-71.jpg,31
39_6994-52.jpg,32
CL_5517-65.jpg,31
AL_3674-16.jpg,30
CL_3054-25.jpg,28
CL_5517-64.jpg,31
39_6994-53.jpg,32
CL_3054-24.jpg,28
AL_3674-17.jpg,30
CL_3054-30.jpg,28
CL_5517-70.jpg,31
39_6994-47.jpg,32
CL_5517-58.jpg,31
CL_5517-4.jpg,31
BA_3348-2.jpg,29
CL_3054-18.jpg,28
37_7584-60.jpg,26
25_7383-16.jpg,25
37_7584-74.jpg,26
BA_3348-35.jpg,29
AN_5551-37.jpg,27
37_7584-48.jpg,26
AN_5551-23.jpg,27
BA_3348-21.jpg,29
CE_9284-18.jpg,23
12_9123-15.jpg,17
AN_3202-35.jpg,8
66_8277-33.jpg,24
66_8277-27.jpg,24
AN_3202-21.jpg,8
12_9123-29.jpg,17
CE_9284-24.jpg,23
CE_9284-30.jpg,23
CU_1997-37.jpg,21
BA_6047-7.jpg,22
BA_6047-38.jpg,22
40_7546-5.jpg,10
CU_1997-23.jpg,21
89_2185-76.jpg,20
BA_6047-10.jpg,22
89_2185-62.jpg,20
CA_2012-52.jpg,19
CA_2012-46.jpg,19
45_3654-0.jpg,7
90_1798-66.jpg,18
CU_1997-2.jpg,21
88_7593-9.jpg,15
90_1798-72.jpg,18
21_7915-20.jpg,13
88_7593-79.jpg,15
CO_2967-41.jpg,11
CO_2967-55.jpg,11
21_7915-34.jpg,13
88_7593-45.jpg,15
BU_4412-53.jpg,16
AS_5297-21.jpg,14
89_2185-9.jpg,20
71_7668-26.jpg,12
71_7668-32.jpg,12
CO_2967-69.jpg,11
AS_5297-35.jpg,14
88_7593-51.jpg,15
BU_4412-47.jpg,16
CO_5402-22.jpg,9
CO_5402-36.jpg,9
40_7546-73.jpg,10
40_7546-67.jpg,10
45_3654-49.jpg,7
BA_9287-25.jpg,3
39_6994-7.jpg,32
26_7300-26.jpg,1
26_7300-32.jpg,1
BA_9287-31.jpg,3
CA_9242-20.jpg,6
BA_9287-19.jpg,3
45_3654-75.jpg,7
CO_5402-3.jpg,9
CA_2969-63.jpg,5
BI_7767-36.jpg,2
CE_5443-32.jpg,4
BI_7767-22.jpg,2
CE_5443-26.jpg,4
CA_2969-77.jpg,5
45_3654-61.jpg,7
CA_9242-34.jpg,6
BA_9287-14.jpg,3
45_3654-78.jpg,7
26_7300-17.jpg,1
CA_9242-39.jpg,6
45_3654-44.jpg,7
BA_9287-28.jpg,3
CA_9242-11.jpg,6
CA_2969-52.jpg,5
90_1798-7.jpg,18
CA_2969-46.jpg,5
BI_7767-13.jpg,2
CE_5443-17.jpg,4
45_3654-50.jpg,7
CO_5402-13.jpg,9
40_7546-42.jpg,10
40_7546-56.jpg,10
88_7593-48.jpg,15
21_7915-11.jpg,13
89_2185-4.jpg,20
CO_2967-70.jpg,11
CO_2967-64.jpg,11
AS_5297-38.jpg,14
AS_5297-10.jpg,14
CE_9284-3.jpg,23
BU_4412-62.jpg,16
88_7593-74.jpg,15
71_7668-17.jpg,12
AN_5551-0.jpg,27
CO_2967-58.jpg,11
90_1798-80.jpg,18
BU_4412-76.jpg,16
88_7593-60.jpg,15
21_7915-39.jpg,13
CA_2012-63.jpg,19
88_7593-4.jpg,15
CA_2012-77.jpg,19
90_1798-57.jpg,18
90_1798-43.jpg,18
AL_3674-6.jpg,30
CU_1997-12.jpg,21
BA_6047-35.jpg,22
89_2185-47.jpg,20
89_2185-53.jpg,20
40_7546-8.jpg,10
BA_6047-21.jpg,22
12_9123-24.jpg,17
CE_9284-29.jpg,23
66_8277-16.jpg,24
AN_3202-10.jpg,8
12_9123-30.jpg,17
CE_9284-15.jpg,23
AN_3202-38.jpg,8
12_9123-18.jpg,17
BA_3348-38.jpg,29
25_7383-27.jpg,25
37_7584-51.jpg,26
37_7584-45.jpg,26
25_7383-33.jpg,25
37_7584-79.jpg,26
BA_3348-10.jpg,29
AN_5551-12.jpg,27
CL_5517-55.jpg,31
39_6994-62.jpg,32
CL_5517-9.jpg,31
AL_3674-26.jpg,30
CL_3054-15.jpg,28
AL_3674-32.jpg,30
CL_5517-41.jpg,31
39_6994-76.jpg,32
CA_2012-6.jpg,19
CL_5517-69.jpg,31
CL_3054-29.jpg,28
CL_5517-68.jpg,31
CL_3054-28.jpg,28
AL_3674-33.jpg,30
CA_2012-7.jpg,19
39_6994-77.jpg,32
CL_5517-40.jpg,31
39_6994-63.jpg,32
CL_5517-54.jpg,31
CL_3054-14.jpg,28
AL_3674-27.jpg,30
CL_5517-8.jpg,31
37_7584-78.jpg,26
AN_5551-13.jpg,27
BA_3348-11.jpg,29
25_7383-32.jpg,25
37_7584-44.jpg,26
BA_3348-39.jpg,29
37_7584-50.jpg,26
25_7383-26.jpg,25
12_9123-19.jpg,17
AN_3202-39.jpg,8
CE_9284-14.jpg,23
66_8277-17.jpg,24
12_9123-31.jpg,17
AN_3202-11.jpg,8
CE_9284-28.jpg,23
12_9123-25.jpg,17
BA_6047-20.jpg,22
40_7546-9.jpg,10
89_2185-52.jpg,20
89_2185-46.jpg,20
BA_6047-34.jpg,22
CU_1997-13.jpg,21
AL_3674-7.jpg,30
90_1798-42.jpg,18
90_1798-56.jpg,18
88_7593-5.jpg,15
CA_2012-76.jpg,19
CA_2012-62.jpg,19
CO_2967-59.jpg,11
AN_5551-1.jpg,27
21_7915-38.jpg,13
88_7593-61.jpg,15
BU_4412-77.jpg,16
88_7593-75.jpg,15
BU_4412-63.jpg,16
CE_9284-2.jpg,23
AS_5297-11.jpg,14
71_7668-16.jpg,12
CO_2967-65.jpg,11
AS_5297-39.jpg,14
21_7915-10.jpg,13
88_7593-49.jpg,15
CO_2967-71.jpg,11
89_2185-5.jpg,20
40_7546-57.jpg,10
40_7546-43.jpg,10
CO_5402-12.jpg,9
CE_5443-16.jpg,4
BI_7767-12.jpg,2
CA_2969-47.jpg,5
45_3654-51.jpg,7
CA_9242-10.jpg,6
BA_9287-29.jpg,3
45_3654-45.jpg,7
90_1798-6.jpg,18
CA_2969-53.jpg,5
40_7546-80.jpg,10
CA_9242-38.jpg,6
45_3654-79.jpg,7
BA_9287-15.jpg,3
26_7300-16.jpg,1
CE_5443-28.jpg,4
CA_2969-79.jpg,5
26_7300-14.jpg,1
BI_7767-38.jpg,2
BA_9287-17.jpg,3
45_3654-53.jpg,7
CA_2969-45.jpg,5
BI_7767-10.jpg,2
CE_5443-14.jpg,4
39_6994-9.jpg,32
26_7300-28.jpg,1
90_1798-4.jpg,18
CA_2969-51.jpg,5
45_3654-47.jpg,7
CA_9242-12.jpg,6
40_7546-69.jpg,10
CO_5402-10.jpg,9
CO_5402-38.jpg,9
40_7546-55.jpg,10
40_7546-41.jpg,10
BU_4412-49.jpg,16
CO_2967-67.jpg,11
89_2185-7.jpg,20
CO_2967-73.jpg,11
71_7668-28.jpg,12
21_7915-12.jpg,13
88_7593-63.jpg,15
BU_4412-75.jpg,16
AN_5551-3.jpg,27
71_7668-14.jpg,12
CE_9284-0.jpg,23
AS_5297-13.jpg,14
88_7593-77.jpg,15
BU_4412-61.jpg,16
CA_2012-74.jpg,19
88_7593-7.jpg,15
90_1798-68.jpg,18
CA_2012-60.jpg,19
CA_2012-48.jpg,19
90_1798-40.jpg,18
90_1798-54.jpg,18
CU_1997-11.jpg,21
89_2185-78.jpg,20
AL_3674-5.jpg,30
89_2185-50.jpg,20
BA_6047-22.jpg,22
CU_1997-39.jpg,21
BA_6047-9.jpg,22
BA_6047-36.jpg,22
89_2185-44.jpg,20
AN_3202-13.jpg,8
12_9123-33.jpg,17
66_8277-15.jpg,24
12_9123-27.jpg,17
66_8277-29.jpg,24
CE_9284-16.jpg,23
37_7584-46.jpg,26
25_7383-30.jpg,25
25_7383-24.jpg,25
37_7584-52.jpg,26
AN_5551-39.jpg,27
BA_3348-13.jpg,29
AN_5551-11.jpg,27
25_7383-18.jpg,25
CL_5517-42.jpg,31
39_6994-75.jpg,32
CA_2012-5.jpg,19
AL_3674-31.jpg,30
CL_3054-16.jpg,28
AL_3674-25.jpg,30
CL_5517-56.jpg,31
39_6994-61.jpg,32
39_6994-49.jpg,32
AL_3674-19.jpg,30
AL_3674-18.jpg,30
39_6994-48.jpg,32
AL_3674-24.jpg,30
CL_3054-17.jpg,28
39_6994-60.jpg,32
CL_5517-57.jpg,31
CA_2012-4.jpg,19
39_6994-74.jpg,32
CL_5517-43.jpg,31
AL_3674-30.jpg,30
25_7383-19.jpg,25
AN_5551-10.jpg,27
BA_3348-12.jpg,29
37_7584-53.jpg,26
25_7383-25.jpg,25
AN_5551-38.jpg,27
CL_5517-80.jpg,31
25_7383-31.jpg,25
37_7584-47.jpg,26
CE_9284-17.jpg,23
66_8277-28.jpg,24
12_9123-26.jpg,17
12_9123-32.jpg,17
AN_3202-12.jpg,8
66_8277-14.jpg,24
89_2185-45.jpg,20
BA_6047-37.jpg,22
BA_6047-8.jpg,22
CU_1997-38.jpg,21
BA_6047-23.jpg,22
89_2185-51.jpg,20
AL_3674-4.jpg,30
89_2185-79.jpg,20
CU_1997-10.jpg,21
90_1798-55.jpg,18
CA_2012-49.jpg,19
90_1798-41.jpg,18
90_1798-69.jpg,18
CA_2012-61.jpg,19
CA_2012-75.jpg,19
88_7593-6.jpg,15
71_7668-15.jpg,12
BU_4412-60.jpg,16
88_7593-76.jpg,15
AS_5297-12.jpg,14
CE_9284-1.jpg,23
BU_4412-74.jpg,16
88_7593-62.jpg,15
AN_5551-2.jpg,27
71_7668-29.jpg,12
CO_2967-72.jpg,11
89_2185-6.jpg,20
21_7915-13.jpg,13
BU_4412-48.jpg,16
CO_2967-66.jpg,11
40_7546-40.jpg,10
CO_5402-39.jpg,9
40_7546-54.jpg,10
CO_5402-11.jpg,9
40_7546-68.jpg,10
CA_2969-50.jpg,5
26_7300-29.jpg,1
90_1798-5.jpg,18
39_6994-8.jpg,32
CA_9242-13.jpg,6
45_3654-46.jpg,7
45_3654-52.jpg,7
CE_5443-15.jpg,4
BI_7767-11.jpg,2
CA_2969-44.jpg,5
BI_7767-39.jpg,2
26_7300-15.jpg,1
BA_9287-16.jpg,3
CA_2969-78.jpg,5
CE_5443-29.jpg,4
26_7300-39.jpg,1
CA_2969-40.jpg,5
CE_5443-11.jpg,4
BI_7767-15.jpg,2
45_3654-56.jpg,7
45_3654-42.jpg,7
CA_9242-17.jpg,6
90_1798-1.jpg,18
CA_2969-54.jpg,5
BI_7767-29.jpg,2
BA_9287-12.jpg,3
CA_2969-68.jpg,5
26_7300-11.jpg,1
CO_5402-8.jpg,9
CE_5443-39.jpg,4
40_7546-50.jpg,10
CO_5402-29.jpg,9
40_7546-44.jpg,10
CO_5402-15.jpg,9
40_7546-78.jpg,10
AN_5551-6.jpg,27
88_7593-66.jpg,15
BU_4412-70.jpg,16
CE_9284-5.jpg,23
AS_5297-16.jpg,14
88_7593-72.jpg,15
BU_4412-64.jpg,16
71_7668-11.jpg,12
71_7668-39.jpg,12
CO_2967-62.jpg,11
BU_4412-58.jpg,16
21_7915-17.jpg,13
CO_2967-76.jpg,11
89_2185-2.jpg,20
90_1798-45.jpg,18
CA_2012-59.jpg,19
90_1798-51.jpg,18
90_1798-79.jpg,18
88_7593-2.jpg,15
CU_1997-9.jpg,21
CA_2012-71.jpg,19
CA_2012-65.jpg,19
89_2185-55.jpg,20
BA_6047-27.jpg,22
CU_1997-28.jpg,21
BA_6047-33.jpg,22
89_2185-41.jpg,20
CU_1997-14.jpg,21
89_2185-69.jpg,20
AL_3674-0.jpg,30
CE_9284-13.jpg,23
66_8277-38.jpg,24
66_8277-10.jpg,24
AN_3202-16.jpg,8
12_9123-36.jpg,17
12_9123-22.jpg,17
BA_3348-16.jpg,29
AN_5551-14.jpg,27
37_7584-43.jpg,26
25_7383-35.jpg,25
AN_5551-28.jpg,27
25_7383-21.jpg,25
37_7584-57.jpg,26
39_6994-58.jpg,32
AL_3674-34.jpg,30
37_7584-80.jpg,26
39_6994-70.jpg,32
CL_5517-47.jpg,31
CA_2012-0.jpg,19
39_6994-64.jpg,32
CL_5517-53.jpg,31
BA_3348-9.jpg,29
CL_3054-13.jpg,28
AL_3674-20.jpg,30
CL_5517-52.jpg,31
39_6994-65.jpg,32
AL_3674-21.jpg,30
CL_3054-12.jpg,28
BA_3348-8.jpg,29
AL_3674-35.jpg,30
CA_2012-1.jpg,19
CL_5517-46.jpg,31
39_6994-71.jpg,32
39_6994-59.jpg,32
37_7584-56.jpg,26
25_7383-20.jpg,25
25_7383-34.jpg,25
37_7584-42.jpg,26
AN_5551-29.jpg,27
AN_5551-15.jpg,27
BA_3348-17.jpg,29
12_9123-23.jpg,17
66_8277-11.jpg,24
12_9123-37.jpg,17
AN_3202-17.jpg,8
CE_9284-12.jpg,23
66_8277-39.jpg,24
AL_3674-1.jpg,30
89_2185-68.jpg,20
CU_1997-15.jpg,21
89_2185-40.jpg,20
BA_6047-32.jpg,22
CU_1997-29.jpg,21
BA_6047-26.jpg,22
89_2185-54.jpg,20
CA_2012-64.jpg,19
CU_1997-8.jpg,21
88_7593-3.jpg,15
90_1798-78.jpg,18
CA_2012-70.jpg,19
CA_2012-58.jpg,19
90_1798-50.jpg,18
90_1798-44.jpg,18
21_7915-16.jpg,13
BU_4412-59.jpg,16
89_2185-3.jpg,20
CO_2967-77.jpg,11
CO_2967-63.jpg,11
71_7668-38.jpg,12
BU_4412-65.jpg,16
88_7593-73.jpg,15
AS_5297-17.jpg,14
CE_9284-4.jpg,23
71_7668-10.jpg,12
AN_5551-7.jpg,27
BU_4412-71.jpg,16
88_7593-67.jpg,15
CO_5402-14.jpg,9
40_7546-79.jpg,10
45_3654-80.jpg,7
CO_5402-28.jpg,9
40_7546-45.jpg,10
40_7546-51.jpg,10
BA_9287-13.jpg,3
CE_5443-38.jpg,4
CO_5402-9.jpg,9
26_7300-10.jpg,1
CA_2969-69.jpg,5
BI_7767-28.jpg,2
CA_9242-16.jpg,6
45_3654-43.jpg,7
CA_2969-55.jpg,5
90_1798-0.jpg,18
BI_7767-14.jpg,2
CE_5443-10.jpg,4
CA_2969-41.jpg,5
26_7300-38.jpg,1
45_3654-57.jpg,7
CA_2969-57.jpg,5
90_1798-2.jpg,18
45_3654-41.jpg,7
CA_9242-14.jpg,6
45_3654-55.jpg,7
BA_9287-39.jpg,3
CA_2969-43.jpg,5
CE_5443-12.jpg,4
BI_7767-16.jpg,2
26_7300-12.jpg,1
CA_9242-28.jpg,6
BA_9287-11.jpg,3
45_3654-69.jpg,7
40_7546-47.jpg,10
40_7546-53.jpg,10
CA_2969-80.jpg,5
CO_5402-16.jpg,9
71_7668-12.jpg,12
CO_2967-49.jpg,11
21_7915-28.jpg,13
AS_5297-15.jpg,14
CE_9284-6.jpg,23
BU_4412-67.jpg,16
88_7593-71.jpg,15
BU_4412-73.jpg,16
88_7593-65.jpg,15
AN_5551-5.jpg,27
CO_2967-75.jpg,11
89_2185-1.jpg,20
21_7915-14.jpg,13
AS_5297-29.jpg,14
88_7593-59.jpg,15
CO_2967-61.jpg,11
90_1798-52.jpg,18
90_1798-46.jpg,18
45_3654-8.jpg,7
CA_2012-66.jpg,19
CA_2012-72.jpg,19
88_7593-1.jpg,15
BA_6047-30.jpg,22
89_2185-42.jpg,20
89_2185-56.jpg,20
BA_6047-24.jpg,22
AL_3674-3.jpg,30
BA_6047-18.jpg,22
CU_1997-17.jpg,21
CE_9284-10.jpg,23
AN_3202-29.jpg,8
12_9123-21.jpg,17
CE_9284-38.jpg,23
AN_3202-15.jpg,8
12_9123-35.jpg,17
66_8277-13.jpg,24
37_7584-68.jpg,26
BA_3348-15.jpg,29
AN_5551-17.jpg,27
25_7383-22.jpg,25
37_7584-54.jpg,26
BA_3348-29.jpg,29
37_7584-40.jpg,26
25_7383-36.jpg,25
CL_5517-78.jpg,31
CL_3054-38.jpg,28
AL_3674-23.jpg,30
CL_3054-10.jpg,28
39_6994-67.jpg,32
CL_5517-50.jpg,31
39_6994-73.jpg,32
CL_5517-44.jpg,31
CA_2012-3.jpg,19
AL_3674-37.jpg,30
CA_2012-2.jpg,19
CL_5517-45.jpg,31
39_6994-72.jpg,32
AL_3674-36.jpg,30
CL_3054-11.jpg,28
AL_3674-22.jpg,30
CL_5517-51.jpg,31
39_6994-66.jpg,32
CL_5517-79.jpg,31
CL_3054-39.jpg,28
BA_3348-28.jpg,29
25_7383-37.jpg,25
37_7584-41.jpg,26
37_7584-55.jpg,26
25_7383-23.jpg,25
AN_5551-16.jpg,27
BA_3348-14.jpg,29
37_7584-69.jpg,26
12_9123-34.jpg,17
AN_3202-14.jpg,8
CE_9284-39.jpg,23
66_8277-12.jpg,24
12_9123-20.jpg,17
AN_3202-28.jpg,8
89_2185-80.jpg,20
CE_9284-11.jpg,23
CU_1997-16.jpg,21
BA_6047-19.jpg,22
AL_3674-2.jpg,30
BA_6047-25.jpg,22
89_2185-57.jpg,20
89_2185-43.jpg,20
BA_6047-31.jpg,22
CA_2012-73.jpg,19
88_7593-0.jpg,15
45_3654-9.jpg,7
CA_2012-67.jpg,19
90_1798-47.jpg,18
90_1798-53.jpg,18
88_7593-58.jpg,15
CO_2967-60.jpg,11
89_2185-0.jpg,20
CO_2967-74.jpg,11
AS_5297-28.jpg,14
21_7915-15.jpg,13
88_7593-64.jpg,15
BU_4412-72.jpg,16
AN_5551-4.jpg,27
CO_2967-48.jpg,11
71_7668-13.jpg,12
88_7593-70.jpg,15
BU_4412-66.jpg,16
CE_9284-7.jpg,23
AS_5297-14.jpg,14
21_7915-29.jpg,13
CO_5402-17.jpg,9
40_7546-52.jpg,10
40_7546-46.jpg,10
45_3654-68.jpg,7
26_7300-13.jpg,1
BA_9287-10.jpg,3
CA_9242-29.jpg,6
BA_9287-38.jpg,3
45_3654-54.jpg,7
BI_7767-17.jpg,2
CE_5443-13.jpg,4
CA_2969-42.jpg,5
90_1798-3.jpg,18
CA_2969-56.jpg,5
CA_9242-15.jpg,6
45_3654-40.jpg,7
BI_7767-58.jpg,2
26_7300-74.jpg,1
BA_9287-77.jpg,3
CA_2969-4.jpg,5
BA_9287-63.jpg,3
CA_2969-19.jpg,5
26_7300-60.jpg,1
CE_5443-48.jpg,4
26_7300-48.jpg,1
CA_2969-31.jpg,5
BI_7767-64.jpg,2
CE_5443-60.jpg,4
CA_9242-72.jpg,6
45_3654-27.jpg,7
45_3654-33.jpg,7
CA_9242-66.jpg,6
BI_7767-70.jpg,2
CE_5443-74.jpg,4
CA_2969-25.jpg,5
AS_5297-2.jpg,14
CO_5402-70.jpg,9
CO_5402-64.jpg,9
40_7546-21.jpg,10
CO_5402-58.jpg,9
AN_3202-0.jpg,8
25_7383-5.jpg,25
40_7546-35.jpg,10
71_7668-48.jpg,12
CO_2967-13.jpg,11
12_9123-8.jpg,17
21_7915-72.jpg,13
BU_4412-29.jpg,16
21_7915-66.jpg,13
BI_7767-2.jpg,2
71_7668-74.jpg,12
88_7593-17.jpg,15
BU_4412-3.jpg,16
AS_5297-73.jpg,14
AS_5297-67.jpg,14
BU_4412-15.jpg,16
71_7668-60.jpg,12
37_7584-2.jpg,26
CA_2012-14.jpg,19
90_1798-34.jpg,18
CA_2012-28.jpg,19
BA_9287-5.jpg,3
90_1798-20.jpg,18
CU_1997-65.jpg,21
89_2185-18.jpg,20
CO_2967-6.jpg,11
CU_1997-71.jpg,21
89_2185-24.jpg,20
CU_1997-59.jpg,21
BA_6047-56.jpg,22
BA_6047-42.jpg,22
89_2185-30.jpg,20
66_8277-61.jpg,24
CL_3054-4.jpg,28
AN_3202-67.jpg,8
12_9123-47.jpg,17
AN_3202-73.jpg,8
21_7915-5.jpg,13
12_9123-53.jpg,17
66_8277-75.jpg,24
CE_9284-76.jpg,23
CE_9284-62.jpg,23
66_8277-49.jpg,24
37_7584-32.jpg,26
25_7383-44.jpg,25
AN_5551-59.jpg,27
25_7383-50.jpg,25
37_7584-26.jpg,26
25_7383-78.jpg,25
BA_3348-67.jpg,29
AN_5551-65.jpg,27
AN_5551-71.jpg,27
BA_3348-73.jpg,29
CL_3054-76.jpg,28
AL_3674-45.jpg,30
66_8277-5.jpg,24
CL_5517-36.jpg,31
CL_5517-22.jpg,31
39_6994-15.jpg,32
CL_3054-62.jpg,28
AL_3674-51.jpg,30
AL_3674-79.jpg,30
39_6994-29.jpg,32
39_6994-28.jpg,32
AL_3674-78.jpg,30
39_6994-14.jpg,32
CL_5517-23.jpg,31
AL_3674-50.jpg,30
CL_3054-63.jpg,28
66_8277-4.jpg,24
AL_3674-44.jpg,30
CL_3054-77.jpg,28
CL_5517-37.jpg,31
BA_3348-72.jpg,29
AN_5551-70.jpg,27
25_7383-79.jpg,25
AN_5551-64.jpg,27
BA_3348-66.jpg,29
37_7584-27.jpg,26
25_7383-51.jpg,25
25_7383-45.jpg,25
37_7584-33.jpg,26
AN_5551-58.jpg,27
CE_9284-63.jpg,23
BA_6047-80.jpg,22
66_8277-48.jpg,24
CE_9284-77.jpg,23
12_9123-52.jpg,17
21_7915-4.jpg,13
AN_3202-72.jpg,8
66_8277-74.jpg,24
CL_3054-5.jpg,28
66_8277-60.jpg,24
12_9123-46.jpg,17
AN_3202-66.jpg,8
89_2185-31.jpg,20
BA_6047-43.jpg,22
BA_6047-57.jpg,22
CU_1997-58.jpg,21
89_2185-25.jpg,20
CO_2967-7.jpg,11
CU_1997-70.jpg,21
89_2185-19.jpg,20
CU_1997-64.jpg,21
CA_2012-29.jpg,19
90_1798-21.jpg,18
BA_9287-4.jpg,3
90_1798-35.jpg,18
CA_2012-15.jpg,19
37_7584-3.jpg,26
BU_4412-14.jpg,16
AS_5297-66.jpg,14
71_7668-61.jpg,12
71_7668-75.jpg,12
AS_5297-72.jpg,14
BU_4412-2.jpg,16
88_7593-16.jpg,15
21_7915-67.jpg,13
BU_4412-28.jpg,16
BI_7767-3.jpg,2
CO_2967-12.jpg,11
71_7668-49.jpg,12
21_7915-73.jpg,13
12_9123-9.jpg,17
CO_5402-59.jpg,9
40_7546-34.jpg,10
25_7383-4.jpg,25
AN_3202-1.jpg,8
40_7546-20.jpg,10
CO_5402-65.jpg,9
CO_5402-71.jpg,9
AS_5297-3.jpg,14
CA_9242-67.jpg,6
45_3654-32.jpg,7
CA_2969-24.jpg,5
CE_5443-75.jpg,4
BI_7767-71.jpg,2
CE_5443-61.jpg,4
BI_7767-65.jpg,2
CA_2969-30.jpg,5
26_7300-49.jpg,1
45_3654-26.jpg,7
CA_9242-73.jpg,6
BA_9287-62.jpg,3
CE_5443-49.jpg,4
26_7300-61.jpg,1
CA_2969-18.jpg,5
26_7300-75.jpg,1
BI_7767-59.jpg,2
CA_2969-5.jpg,5
BA_9287-76.jpg,3
26_7300-63.jpg,1
CA_9242-59.jpg,6
BA_9287-60.jpg,3
BA_9287-74.jpg,3
45_3654-18.jpg,7
CA_2969-7.jpg,5
26_7300-77.jpg,1
BI_7767-73.jpg,2
CE_5443-77.jpg,4
CA_2969-26.jpg,5
45_3654-30.jpg,7
CA_9242-65.jpg,6
CA_9242-71.jpg,6
45_3654-24.jpg,7
BA_9287-48.jpg,3
CA_2969-32.jpg,5
BI_7767-67.jpg,2
CE_5443-63.jpg,4
CO_5402-67.jpg,9
AS_5297-1.jpg,14
CO_5402-73.jpg,9
25_7383-6.jpg,25
AN_3202-3.jpg,8
40_7546-36.jpg,10
40_7546-22.jpg,10
BI_7767-1.jpg,2
71_7668-9.jpg,12
21_7915-65.jpg,13
AS_5297-58.jpg,14
21_7915-71.jpg,13
88_7593-28.jpg,15
CO_2967-10.jpg,11
71_7668-63.jpg,12
CO_2967-38.jpg,11
21_7915-59.jpg,13
AS_5297-64.jpg,14
BU_4412-16.jpg,16
88_7593-14.jpg,15
BU_4412-0.jpg,16
AS_5297-70.jpg,14
71_7668-77.jpg,12
CA_2012-17.jpg,19
37_7584-1.jpg,26
BA_9287-6.jpg,3
90_1798-23.jpg,18
90_1798-37.jpg,18
CU_1997-72.jpg,21
CO_2967-5.jpg,11
CU_1997-66.jpg,21
BA_6047-69.jpg,22
BA_6047-41.jpg,22
89_2185-33.jpg,20
89_2185-27.jpg,20
BA_6047-55.jpg,22
66_8277-76.jpg,24
AN_3202-70.jpg,8
21_7915-6.jpg,13
12_9123-50.jpg,17
CE_9284-49.jpg,23
AN_3202-64.jpg,8
12_9123-44.jpg,17
66_8277-62.jpg,24
CL_3054-7.jpg,28
CE_9284-61.jpg,23
AN_3202-58.jpg,8
12_9123-78.jpg,17
CE_9284-75.jpg,23
25_7383-53.jpg,25
37_7584-25.jpg,26
BA_3348-58.jpg,29
37_7584-31.jpg,26
25_7383-47.jpg,25
37_7584-19.jpg,26
AN_5551-72.jpg,27
BA_3348-70.jpg,29
BA_3348-64.jpg,29
AN_5551-66.jpg,27
AL_3674-52.jpg,30
CL_3054-61.jpg,28
CL_5517-21.jpg,31
39_6994-16.jpg,32
CL_5517-35.jpg,31
AL_3674-46.jpg,30
CL_3054-75.jpg,28
66_8277-6.jpg,24
CL_3054-49.jpg,28
CL_3054-48.jpg,28
CL_5517-34.jpg,31
66_8277-7.jpg,24
CL_3054-74.jpg,28
AL_3674-47.jpg,30
CL_3054-60.jpg,28
AL_3674-53.jpg,30
39_6994-17.jpg,32
CL_5517-20.jpg,31
AN_5551-67.jpg,27
BA_3348-65.jpg,29
37_7584-18.jpg,26
BA_3348-71.jpg,29
AN_5551-73.jpg,27
BA_3348-59.jpg,29
25_7383-46.jpg,25
37_7584-30.jpg,26
37_7584-24.jpg,26
25_7383-52.jpg,25
CE_9284-74.jpg,23
12_9123-79.jpg,17
AN_3202-59.jpg,8
CE_9284-60.jpg,23
12_9123-45.jpg,17
AN_3202-65.jpg,8
CE_9284-48.jpg,23
CL_3054-6.jpg,28
66_8277-63.jpg,24
66_8277-77.jpg,24
12_9123-51.jpg,17
21_7915-7.jpg,13
AN_3202-71.jpg,8
BA_6047-54.jpg,22
89_2185-26.jpg,20
89_2185-32.jpg,20
BA_6047-40.jpg,22
BA_6047-68.jpg,22
CU_1997-67.jpg,21
CU_1997-73.jpg,21
CO_2967-4.jpg,11
90_1798-36.jpg,18
90_1798-22.jpg,18
BA_9287-7.jpg,3
37_7584-0.jpg,26
CA_2012-16.jpg,19
AS_5297-71.jpg,14
BU_4412-1.jpg,16
88_7593-15.jpg,15
71_7668-76.jpg,12
CO_2967-39.jpg,11
71_7668-62.jpg,12
BU_4412-17.jpg,16
AS_5297-65.jpg,14
21_7915-58.jpg,13
88_7593-29.jpg,15
21_7915-70.jpg,13
CO_2967-11.jpg,11
BI_7767-0.jpg,2
AS_5297-59.jpg,14
21_7915-64.jpg,13
71_7668-8.jpg,12
40_7546-23.jpg,10
40_7546-37.jpg,10
AN_3202-2.jpg,8
25_7383-7.jpg,25
CO_5402-72.jpg,9
AS_5297-0.jpg,14
CO_5402-66.jpg,9
BA_9287-49.jpg,3
45_3654-25.jpg,7
CA_9242-70.jpg,6
CE_5443-62.jpg,4
BI_7767-66.jpg,2
CA_2969-33.jpg,5
CA_2969-27.jpg,5
CE_5443-76.jpg,4
BI_7767-72.jpg,2
CA_9242-64.jpg,6
45_3654-31.jpg,7
CA_2969-6.jpg,5
45_3654-19.jpg,7
BA_9287-75.jpg,3
26_7300-76.jpg,1
26_7300-62.jpg,1
BA_9287-61.jpg,3
CA_9242-58.jpg,6
45_3654-35.jpg,7
BA_9287-59.jpg,3
CA_9242-60.jpg,6
CE_5443-72.jpg,4
BI_7767-76.jpg,2
CA_2969-23.jpg,5
CA_2969-37.jpg,5
CE_5443-66.jpg,4
BI_7767-62.jpg,2
CA_9242-74.jpg,6
45_3654-21.jpg,7
BA_9287-65.jpg,3
26_7300-66.jpg,1
26_7300-72.jpg,1
BA_9287-71.jpg,3
CA_2969-2.jpg,5
CA_9242-48.jpg,6
25_7383-3.jpg,25
AN_3202-6.jpg,8
40_7546-33.jpg,10
40_7546-27.jpg,10
CO_5402-62.jpg,9
AS_5297-4.jpg,14
CO_5402-76.jpg,9
AS_5297-61.jpg,14
BU_4412-13.jpg,16
71_7668-66.jpg,12
CO_2967-29.jpg,11
71_7668-72.jpg,12
88_7593-11.jpg,15
BU_4412-5.jpg,16
21_7915-48.jpg,13
AS_5297-75.jpg,14
88_7593-39.jpg,15
21_7915-60.jpg,13
BI_7767-4.jpg,2
CO_2967-15.jpg,11
21_7915-74.jpg,13
AS_5297-49.jpg,14
90_1798-26.jpg,18
BA_9287-3.jpg,3
90_1798-32.jpg,18
CA_9242-9.jpg,6
CA_2012-12.jpg,19
37_7584-4.jpg,26
BA_6047-44.jpg,22
89_2185-36.jpg,20
89_2185-22.jpg,20
BA_6047-50.jpg,22
CO_2967-0.jpg,11
BA_6047-78.jpg,22
CU_1997-77.jpg,21
CU_1997-63.jpg,21
CE_9284-64.jpg,23
AN_3202-49.jpg,8
12_9123-69.jpg,17
CE_9284-70.jpg,23
21_7915-3.jpg,13
AN_3202-75.jpg,8
12_9123-55.jpg,17
CE_9284-58.jpg,23
66_8277-73.jpg,24
66_8277-67.jpg,24
CL_3054-2.jpg,28
AN_3202-61.jpg,8
12_9123-41.jpg,17
AN_5551-77.jpg,27
BA_3348-75.jpg,29
BA_3348-61.jpg,29
AN_5551-63.jpg,27
BA_3348-49.jpg,29
25_7383-56.jpg,25
37_7584-20.jpg,26
37_7584-34.jpg,26
25_7383-42.jpg,25
AL_3674-80.jpg,30
CL_5517-18.jpg,31
CL_3054-58.jpg,28
39_6994-13.jpg,32
CL_5517-24.jpg,31
AL_3674-57.jpg,30
CL_3054-64.jpg,28
66_8277-3.jpg,24
AL_3674-43.jpg,30
CL_3054-70.jpg,28
CL_5517-30.jpg,31
CL_3054-71.jpg,28
AL_3674-42.jpg,30
25_7383-80.jpg,25
66_8277-2.jpg,24
CL_5517-31.jpg,31
CL_5517-25.jpg,31
39_6994-12.jpg,32
CL_3054-65.jpg,28
AL_3674-56.jpg,30
CL_5517-19.jpg,31
CL_3054-59.jpg,28
25_7383-43.jpg,25
37_7584-35.jpg,26
BA_3348-48.jpg,29
37_7584-21.jpg,26
25_7383-57.jpg,25
AN_5551-62.jpg,27
BA_3348-60.jpg,29
BA_3348-74.jpg,29
AN_5551-76.jpg,27
CL_3054-3.jpg,28
66_8277-66.jpg,24
12_9123-40.jpg,17
AN_3202-60.jpg,8
CE_9284-59.jpg,23
12_9123-54.jpg,17
AN_3202-74.jpg,8
21_7915-2.jpg,13
66_8277-72.jpg,24
CE_9284-71.jpg,23
12_9123-68.jpg,17
AN_3202-48.jpg,8
CE_9284-65.jpg,23
CU_1997-62.jpg,21
CO_2967-1.jpg,11
CU_1997-76.jpg,21
BA_6047-79.jpg,22
BA_6047-51.jpg,22
89_2185-23.jpg,20
89_2185-37.jpg,20
BA_6047-45.jpg,22
37_7584-5.jpg,26
CA_2012-13.jpg,19
CA_9242-8.jpg,6
90_1798-33.jpg,18
BA_9287-2.jpg,3
90_1798-27.jpg,18
CO_2967-14.jpg,11
AS_5297-48.jpg,14
21_7915-75.jpg,13
21_7915-61.jpg,13
88_7593-38.jpg,15
BI_7767-5.jpg,2
71_7668-73.jpg,12
CO_2967-28.jpg,11
AS_5297-74.jpg,14
BU_4412-4.jpg,16
21_7915-49.jpg,13
88_7593-10.jpg,15
BU_4412-12.jpg,16
AS_5297-60.jpg,14
71_7668-67.jpg,12
CO_5402-77.jpg,9
AS_5297-5.jpg,14
CO_5402-63.jpg,9
40_7546-26.jpg,10
40_7546-32.jpg,10
AN_3202-7.jpg,8
25_7383-2.jpg,25
26_7300-73.jpg,1
CA_9242-49.jpg,6
CA_2969-3.jpg,5
BA_9287-70.jpg,3
BA_9287-64.jpg,3
26_7300-67.jpg,1
BI_7767-63.jpg,2
CE_5443-67.jpg,4
CA_2969-36.jpg,5
45_3654-20.jpg,7
CA_9242-75.jpg,6
CA_9242-61.jpg,6
BA_9287-58.jpg,3
45_3654-34.jpg,7
CA_2969-22.jpg,5
BI_7767-77.jpg,2
CE_5443-73.jpg,4
CA_9242-77.jpg,6
45_3654-22.jpg,7
CA_2969-34.jpg,5
CE_5443-65.jpg,4
BI_7767-61.jpg,2
CE_5443-71.jpg,4
BI_7767-75.jpg,2
26_7300-59.jpg,1
CA_2969-20.jpg,5
45_3654-36.jpg,7
CA_9242-63.jpg,6
CE_5443-8.jpg,4
BA_9287-72.jpg,3
CA_2969-1.jpg,5
CE_5443-59.jpg,4
26_7300-71.jpg,1
26_7300-65.jpg,1
BI_7767-49.jpg,2
BA_9287-66.jpg,3
CO_5402-49.jpg,9
40_7546-24.jpg,10
AN_3202-5.jpg,8
25_7383-0.jpg,25
40_7546-30.jpg,10
AS_5297-7.jpg,14
CO_5402-75.jpg,9
40_7546-18.jpg,10
CO_5402-61.jpg,9
88_7593-12.jpg,15
BU_4412-6.jpg,16
AS_5297-76.jpg,14
71_7668-71.jpg,12
71_7668-65.jpg,12
AS_5297-62.jpg,14
BU_4412-10.jpg,16
21_7915-77.jpg,13
BU_4412-38.jpg,16
26_7300-8.jpg,1
CO_2967-16.jpg,11
BI_7767-7.jpg,2
71_7668-59.jpg,12
21_7915-63.jpg,13
CA_2012-39.jpg,19
90_1798-31.jpg,18
90_1798-25.jpg,18
BA_9287-0.jpg,3
37_7584-7.jpg,26
90_1798-19.jpg,18
CA_2012-11.jpg,19
89_2185-21.jpg,20
BA_6047-53.jpg,22
BA_6047-47.jpg,22
CU_1997-48.jpg,21
89_2185-35.jpg,20
CU_1997-60.jpg,21
CU_1997-74.jpg,21
CO_2967-3.jpg,11
CE_9284-73.jpg,23
66_8277-58.jpg,24
CE_9284-67.jpg,23
AN_3202-62.jpg,8
12_9123-42.jpg,17
66_8277-64.jpg,24
CL_3054-1.jpg,28
66_8277-70.jpg,24
21_7915-0.jpg,13
AN_3202-76.jpg,8
12_9123-56.jpg,17
BA_3348-62.jpg,29
AN_5551-60.jpg,27
25_7383-69.jpg,25
AN_5551-74.jpg,27
BA_3348-76.jpg,29
37_7584-37.jpg,26
25_7383-41.jpg,25
25_7383-55.jpg,25
37_7584-23.jpg,26
AN_5551-48.jpg,27
39_6994-38.jpg,32
AL_3674-68.jpg,30
CL_5517-33.jpg,31
66_8277-0.jpg,24
CL_3054-73.jpg,28
AL_3674-40.jpg,30
CL_3054-67.jpg,28
AL_3674-54.jpg,30
39_6994-10.jpg,32
CL_5517-27.jpg,31
AL_3674-55.jpg,30
CL_3054-66.jpg,28
CL_5517-26.jpg,31
39_6994-11.jpg,32
CL_5517-32.jpg,31
AL_3674-41.jpg,30
CL_3054-72.jpg,28
66_8277-1.jpg,24
AL_3674-69.jpg,30
39_6994-39.jpg,32
37_7584-22.jpg,26
25_7383-54.jpg,25
AN_5551-49.jpg,27
25_7383-40.jpg,25
37_7584-36.jpg,26
25_7383-68.jpg,25
BA_3348-77.jpg,29
AN_5551-75.jpg,27
AN_5551-61.jpg,27
BA_3348-63.jpg,29
66_8277-71.jpg,24
12_9123-57.jpg,17
AN_3202-77.jpg,8
21_7915-1.jpg,13
12_9123-43.jpg,17
AN_3202-63.jpg,8
CL_3054-0.jpg,28
66_8277-65.jpg,24
CE_9284-66.jpg,23
CE_9284-72.jpg,23
66_8277-59.jpg,24
CU_1997-75.jpg,21
CO_2967-2.jpg,11
12_9123-80.jpg,17
CU_1997-61.jpg,21
89_2185-34.jpg,20
CU_1997-49.jpg,21
BA_6047-46.jpg,22
BA_6047-52.jpg,22
89_2185-20.jpg,20
90_1798-18.jpg,18
CA_2012-10.jpg,19
37_7584-6.jpg,26
BA_9287-1.jpg,3
90_1798-24.jpg,18
CA_2012-38.jpg,19
90_1798-30.jpg,18
71_7668-58.jpg,12
BI_7767-6.jpg,2
21_7915-62.jpg,13
26_7300-9.jpg,1
BU_4412-39.jpg,16
21_7915-76.jpg,13
CO_2967-17.jpg,11
71_7668-64.jpg,12
BU_4412-11.jpg,16
AS_5297-63.jpg,14
AS_5297-77.jpg,14
BU_4412-7.jpg,16
88_7593-13.jpg,15
71_7668-70.jpg,12
CO_5402-60.jpg,9
CO_5402-74.jpg,9
AS_5297-6.jpg,14
40_7546-19.jpg,10
40_7546-31.jpg,10
25_7383-1.jpg,25
AN_3202-4.jpg,8
CO_5402-48.jpg,9
40_7546-25.jpg,10
BI_7767-48.jpg,2
26_7300-64.jpg,1
BA_9287-67.jpg,3
CA_2969-0.jpg,5
BA_9287-73.jpg,3
CE_5443-9.jpg,4
26_7300-70.jpg,1
CE_5443-58.jpg,4
CA_2969-21.jpg,5
26_7300-58.jpg,1
BI_7767-74.jpg,2
CE_5443-70.jpg,4
CA_9242-62.jpg,6
45_3654-37.jpg,7
45_3654-23.jpg,7
CA_9242-76.jpg,6
BI_7767-60.jpg,2
CE_5443-64.jpg,4
CA_2969-35.jpg,5
